,week
0,星期五
1,
2,
3,星期四
4,
5,
6,
7,星期天
8,
9,星期六
10,
11, 
12,星期四
13,
14,
15, 
16,
17,星期日
18,
19,
20,
21,
22,
23,
24,星期六
25,
26,星期三
27,
28,星期一
29,星期六
30,星期三
31,
32,
33,星期五
34,星期四
35,星期四
36, 
37,
38,
39,星期五
40,
41,
42,
43,星期四
44,周四
45,
46,
47,
48,星期三
49,
50,
51,星期四
52,星期四
53,
54,水曜日
55,
56,
57,
58,
59,星期五
60,星期五
61,星期六
62,火曜日
63,星期六
64,星期六
65,星期六
66,
67,星期日
68,星期四
69,
70,星期四
71,周日
72,水曜日
73,星期五
74,
75,
76,星期二
77,
78,
79,
80,星期日
81,
82,
83,星期五
84,
85,
86,
87,星期一
88,
89,
90, 
91,星期日
92,
93,星期二
94,星期五
95,
96,星期五
97,
98,星期二
99,星期六
100,星期日
101,
102,星期六
103,星期五
104,星期日
105,
106, 
107,
108,
109,
110,星期日
111,星期五
112,星期三
113,
114,星期二
115,
116,
117,
118,星期三
119,星期四
120,星期一
121,
122,星期日
123,星期五
124,
125,
126,星期日
127,
128,
129,星期五
130,星期三
131,
132,星期六
133,
134,星期五
135,
136,星期五
137,
138,星期日
139,星期六
140,
141,
142,星期三
143,
144,星期日
145,星期三
146,
147,星期二
148,
149,
150,星期五
151,
152,
153, 
154,星期日
155,
156,
157,星期一
158,星期日
159,
160,
161,
162,
163,
164,星期一
165,星期日
166,
167,
168,
169,
170,
171,
172,星期六
173,
174,
175, 
176,
177,
178,
179,
180,
181,
182,星期一
183,
184,周四
185,
186,
187,
188,
189,
190,星期二
191,星期一
192,星期日
193,
194,星期六
195,
196,星期一
197,
198,星期四
199,
200,星期三
201,
202,
203,木曜日
204,
205,星期四
206,星期三
207,星期五
208,
209,
210,
211,星期三
212,星期六
213, 
214,星期四
215,
216,星期六
217,
218,
219,星期五
220,
221,星期三
222,
223,星期四
224,
225,
226,
227,
228,星期四
229,星期五
230,星期一
231,
232,
233,星期五
234, 
235,
236,星期一
237,
238,
239,星期一
240,
241,星期六
242,
243,星期三
244,星期一
245,星期三
246,
247,星期四
248,
249,星期三
250,星期五
251,
252,
253,周日
254,星期四
255,星期二
256, 
257,
258,六
259,
260,星期日
261,星期四
262,星期六
263,星期一
264,
265, 
266,
267,
268,
269,星期四
270,
271,
272,
273,星期一
274,星期三
275,
276,
277,
278,
279,
280,星期二
281,
282,
283,
284,
285,
286,星期四
287,
288,
289,星期五
290,星期六
291,
292,
293,星期日
294,
295,
296,
297,星期一
298,星期五
299,星期四
300,
301,月曜日
302,
303,
304,
305,
306,
307,周日
308,
309,星期五
310,星期天
311,
312,周一
313,
314,星期二
315,
316,
317,
318,
319,
320,星期日
321,
322,
323,星期五
324,星期四
325,
326,
327,星期二
328,
329,星期四
330,
331,星期四
332,
333,
334,
335,星期四
336,星期六
337,
338,
339,星期三
340,
341,星期二
342,
343,
344,
345,
346,星期四
347,
348,
349,星期三
350,星期六
351,星期二
352,
353,
354,
355,星期六
356,星期四
357,星期日
358,
359,
360,
361,星期六
362,
363,
364,
365,星期六
366,
367,
368,
369,星期三
370,星期一
371,
372,星期四
373,星期一
374,
375,
376,星期日
377, 
378,星期二
379,
380,
381,
382,星期四
383,星期四
384,
385,
386,星期日
387,
388,
389,星期六
390,星期一
391,星期日
392,
393,
394,
395,星期二
396,
397,
398,
399,星期日
400,
401,
402,
403,
404,
405, 
406,星期六
407,星期五
408,
409,
410,星期一
411,
412,
413,
414,
415,
416,星期四
417,星期六
418,星期二
419,星期日
420,周六
421,星期六
422, 
423,
424,
425,星期四
426,
427,
428,二
429,星期四
430,
431,
432,
433,
434,
435,星期三
436, 
437,
438,
439,星期五
440, 
441,
442,
443,
444,
445,星期日
446,
447,
448,
449,星期六
450,
451,星期四
452,
453,
454,星期五
455,星期二
456,星期三
457,星期四
458,
459,
460,星期六
461,
462,星期日
463,
464,
465,
466,
467,
468,星期四
469,
470,
471,
472,
473,
474,星期五
475,
476,
477,
478,
479,
480,
481,
482,星期一
483,星期三
484,
485,
486,
487,
488,星期日
489,
490,星期二
491, 
492,星期四
493,
494,
495,星期日
496,星期三
497,日曜日
498,
499,星期一
500,
501,
502, 
503,星期日
504,星期日
505,
506,
507,
508,星期一
509,
510,星期五
511,
512, 
513,
514,
515,
516,星期三
517,
518,
519,
520,
521,
522,星期日
523,
524,星期六
525,
526,
527,
528,
529,星期五
530,
531,
532,
533,
534,
535,
536,
537,
538,
539,
540,
541,
542,
543,星期二
544,
545,星期四
546,
547,
548,星期一
549,星期六
550,
551,星期日
552,
553,星期六
554,
555,
556,星期六
557,
558,
559,
560,
561,
562,
563,
564,星期二
565,
566,
567,
568,
569,
570,星期一
571,星期日
572,
573,
574,日曜日
575, 
576, 
577,星期一
578,
579,星期二
580,星期五
581,
582, 
583,土曜日
584,星期二
585,
586,
587,
588,
589,
590,
591,
592,
593,星期一
594,
595,星期六
596,
597,
598,
599,
600,
601,
602,
603,星期五
604,
605,
606,星期四
607,
608,
609,星期日
610,
611,星期六
612,
613,
614,
615,
616,
617,
618,
619,
620,星期五
621,
622,
623,
624,
625,
626,
627,
628,星期五
629,星期二
630,
631,星期六
632,
633,
634,
635,星期六
636,
637,
638,
639, 
640,
641,星期五
642,星期六
643, 
644,
645,
646,
647,
648,星期四
649,
650,
651,星期二
652,
653,
654,
655,
656,星期六
657,星期四
658,
659,
660,
661,
662,
663,
664,星期五
665,星期日
666,星期一
667,
668,
669,
670,
671,
672,星期五
673,
674,
675,
676,
677,
678,星期六
679,星期四
680,
681, 
682,星期日
683,
684,星期五
685,星期四
686,星期日
687,
688,星期四
689,
690,
691,星期六
692,
693,
694,星期六
695,
696,
697,星期六
698,
699,
700,
701,
702,星期六
703,
704,
705,
706, 
707,
708,
709,
710,
711,星期五
712,
713,
714,
715,
716,星期六
717,
718,月曜日
719,星期三
720,
721,星期一
722,星期三
723,
724,
725,星期日
726,星期六
727,
728,
729,
730,星期五
731,星期三
732, 
733,星期二
734,
735,
736,
737,星期六
738,星期五
739,
740,
741, 
742,
743,
744,
745,
746,星期六
747,
748,星期二
749,
750,
751,星期二
752,
753,
754,星期日
755,
756,
757,星期六
758,
759,
760,
761,
762,
763,
764,
765,星期二
766,星期六
767,
768,
769,
770,星期一
771,
772,
773,
774,
775,
776,
777,
778,
779,
780,星期日
781,星期四
782,
783,
784,星期四
785,
786,
787,
788,
789,星期日
790,
791,星期四
792,
793,
794,
795,星期三
796,星期六
797,
798,
799,星期六
800,
801,
802,星期一
803,星期四
804,星期五
805,星期三
806,星期六
807,
808,
809,
810,
811,星期四
812,
813,
814,
815,
816, 
817,
818,
819,
820,星期六
821,星期一
822,
823,
824,星期三
825,
826,星期四
827, 
828,
829,
830,星期二
831,
832,
833,星期四
834,星期一
835,
836,星期四
837,星期六
838,
839,星期四
840,
841,
842,
843, 
844,星期五
845,
846,
847,
848,
849,星期四
850,星期一
851,
852,
853,
854,
855,星期日
856,
857,
858,星期六
859,星期五
860,
861,
862,
863,
864,星期二
865,星期四
866,星期四
867, 
868,星期四
869,
870,
871,
872,
873,
874,
875,星期日
876,
877,
878,
879,星期一
880,星期六
881,星期三
882,
883,
884,
885,
886,星期六
887,
888,
889,
890,星期六
891,
892,
893,
894,星期日
895,星期六
896,
897,
898,
899,
900,星期日
901,
902,
903,
904,星期三
905,
906,
907,星期三
908,星期日
909,
910,星期日
911,星期五
912,
913,星期日
914,
915,
916,星期四
917,
918,星期四
919,
920,金曜日
921,
922,
923,星期五
924,星期六
925,
926,星期五
927,
928, 
929,
930,
931,
932,
933, 
934,星期二
935,星期三
936,
937,
938,
939,
940,星期日
941,星期三
942,
943,星期一
944,
945,
946,星期三
947,
948,
949,星期四
950,
951,星期四
952,
953,
954,
955,星期四
956,
957,
958,
959,
960,水曜日
961,
962, 
963,木曜日
964,
965,
966,
967,
968,
969,星期日
970,星期六
971,星期五
972,
973,
974,星期一
975,
976,
977,
978,
979,星期五
980,
981,星期五
982,星期一
983,
984,
985,星期四
986,
987,
988,星期一
989,
990, 
991,星期日
992,星期三
993,
994,星期二
995,星期二
996,
997,
998,
999,
1000,
1001,星期四
1002,
1003,
1004,星期四
1005,
1006,
1007,星期六
1008,
1009,
1010,
1011,
1012,
1013,
1014,
1015,
1016,星期四
1017,星期四
1018,
1019,月曜日
1020,
1021,星期六
1022,
1023,
1024,
1025,
1026,周二
1027,
1028,
1029,
1030,
1031,
1032,
1033,
1034,
1035,星期四
1036,
1037,
1038,星期日
1039,
1040,
1041,星期六
1042,星期日
1043,
1044,
1045,水曜日
1046,
1047,
1048,
1049,星期六
1050,
1051,星期六
1052,
1053, 
1054,
1055,
1056,
1057,
1058,
1059,
1060,星期一
1061,
1062,
1063,星期五
1064,
1065,
1066,
1067,星期二
1068,星期日
1069,
1070,周四
1071,
1072,
1073,星期日
1074,
1075,
1076,
1077,
1078,
1079,
1080,
1081,
1082,
1083,
1084,
1085,星期六
1086,星期日
1087,星期五
1088,周一
1089,
1090,
1091,
1092,
1093,星期三
1094,
1095,
1096,星期四
1097,
1098,星期一
1099, 
1100,星期四
1101,
1102,
1103,
1104,
1105,
1106,
1107,
1108,
1109,
1110,
1111,
1112,
1113,
1114,
1115,
1116,
1117,
1118,
1119,
1120,星期四
1121,
1122,星期二
1123,
1124,
1125,
1126,
1127,星期六
1128,
1129,星期四
1130,
1131,
1132,星期四
1133,
1134,星期日
1135,星期四
1136, 
1137,星期三
1138,
1139,
1140,
1141,星期六
1142,
1143,
1144,
1145,
1146,星期日
1147,星期一
1148,
1149,
1150,
1151,星期五
1152,
1153,周日
1154,
1155,
1156,
1157,
1158,
1159,星期三
1160,星期一
1161,星期四
1162,
1163,星期六
1164,星期一
1165,星期六
1166,星期六
1167,星期日
1168,
1169,星期三
1170,
1171,
1172,
1173,
1174,星期日
1175,
1176,
1177,星期日
1178,
1179,星期二
1180,
1181,星期五
1182,星期四
1183,
1184,
1185,星期四
1186,
1187,
1188,
1189,
1190,星期五
1191,星期一
1192,
1193,星期二
1194,
1195,
1196,星期四
1197,
1198,星期一
1199,土曜日
1200,
1201,
1202,
1203,
1204,
1205,
1206,
1207,星期五
1208,
1209,星期四
1210,
1211,星期一
1212,
1213, 
1214,
1215,星期五
1216,
1217,
1218,星期一
1219,星期二
1220,
1221,星期日
1222,星期四
1223,星期二
1224,星期四
1225,
1226,
1227,星期三
1228,
1229,
1230,
1231,星期日
1232,
1233, 
1234,
1235,星期四
1236,
1237,
1238,
1239,周三
1240,
1241,星期二
1242,
1243,星期五
1244, 
1245,
1246,星期五
1247,
1248,星期日
1249,
1250,星期日
1251,星期三
1252,
1253,星期日
1254,
1255,
1256,星期日
1257,
1258,
1259,
1260,月曜日
1261,星期六
1262,
1263,每天
1264,星期六
1265,
1266,星期日
1267,
1268,
1269,星期三
1270,
1271,星期六
1272,星期五
1273,星期四
1274,星期日
1275,
1276,
1277,星期日
1278,
1279,
1280,
1281,星期五
1282,
1283,
1284,
1285,星期日
1286,
1287,
1288,
1289,星期日
1290,
1291,星期五
1292,星期二
1293,
1294,星期六
1295,
1296,
1297,
1298,年
1299,星期五
1300,
1301,星期二
1302,
1303,星期五
1304,
1305,星期三
1306, 
1307,
1308,星期五
1309,星期一
1310,
1311,
1312,星期四
1313,星期一
1314,
1315, 
1316,
1317,
1318,
1319,
1320,
1321,
1322,
1323,
1324,星期二
1325,
1326,
1327,
1328,星期五
1329,星期五
1330,
1331,星期日
1332,星期五
1333,
1334,
1335,
1336,
1337,星期三
1338,
1339,
1340,
1341,
1342,
1343,星期四
1344,
1345,
1346,星期三
1347,
1348,
1349,
1350,
1351,
1352,星期日
1353,
1354,
1355,
1356, 
1357,
1358,
1359,
1360,
1361,星期四
1362,
1363,星期一
1364,
1365,星期六
1366,
1367,
1368,
1369,
1370,星期一
1371,
1372,
1373,
1374,星期一
1375,
1376, 
1377,
1378,
1379,
1380,
1381,星期二
1382,
1383,
1384,
1385,
1386,星期四
1387,
1388,
1389,星期五
1390,星期日
1391,
1392,
1393,星期四
1394,
1395,
1396,星期三
1397,日曜日
1398,星期六
1399,星期四
1400,
1401,
1402,
1403,
1404,
1405,
1406,
1407,星期二
1408,周日
1409,星期四
1410,
1411,
1412,
1413,星期二
1414,
1415,
1416,星期三
1417,
1418,
1419,星期五
1420,
1421,
1422,星期日
1423,
1424,星期六
1425,星期六
1426,
1427,
1428,
1429,
1430,星期六
1431,
1432,
1433,星期日
1434,星期二
1435,
1436,
1437,
1438,星期五
1439,土曜日
1440,
1441,
1442,
1443,
1444,
1445,
1446,星期日
1447,
1448,星期六
1449,星期三
1450,星期六
1451,
1452,
1453,星期五
1454,
1455,
1456,
1457,
1458,
1459,
1460,星期三
1461,星期六
1462,
1463,星期六
1464,
1465,
1466,星期一
1467,
1468,星期五
1469,
1470,
1471,
1472,
1473,
1474,星期五
1475,月曜日
1476,
1477,
1478,
1479,
1480,
1481,
1482,
1483,
1484,
1485,星期五
1486,
1487,星期一
1488,
1489,
1490, 
1491,
1492,
1493, 
1494,
1495,
1496,
1497,
1498,
1499,
1500,
1501,
1502,
1503,
1504,星期日
1505,星期日
1506,
1507,星期五
1508,
1509,
1510,
1511,
1512,
1513,
1514,星期五
1515,
1516,星期日
1517,星期五
1518,
1519,
1520,
1521,星期一
1522,星期六
1523,星期四
1524,
1525,星期三
1526,星期三
1527,
1528,
1529,
1530,星期三
1531,
1532,
1533, 
1534,星期五
1535,
1536,
1537,星期日
1538,
1539,
1540,星期一
1541,
1542,
1543,星期五
1544,
1545,
1546,
1547,
1548,星期四
1549,
1550,星期五
1551,
1552,
1553,
1554,六
1555,
1556, 
1557,
1558,
1559,
1560, 
1561,
1562,
1563,星期六
1564,
1565,
1566,
1567,
1568,星期日
1569,
1570,
1571,
1572,
1573,
1574,
1575,星期三
1576,
1577,
1578,星期六
1579,
1580,
1581,
1582,星期四
1583,
1584,星期四
1585,
1586,星期五
1587,
1588,
1589,
1590,
1591,
1592,
1593,
1594,
1595,星期五
1596,星期二
1597,
1598,星期日
1599,
1600,
1601,
1602,
1603,
1604,
1605,
1606,星期四
1607,
1608,星期二
1609,星期一
1610,
1611,
1612,
1613,
1614,
1615,
1616, 
1617,
1618,
1619,
1620,星期六
1621,
1622,
1623,
1624,
1625,
1626,
1627,
1628,
1629,
1630,周二
1631,
1632,土曜
1633,星期六
1634,
1635,
1636,
1637,水曜日
1638,星期五
1639,星期五
1640,
1641,
1642,
1643,
1644,
1645,
1646,
1647,
1648,
1649,星期五
1650,
1651,
1652,
1653,
1654,
1655,
1656,
1657,
1658,
1659,星期四
1660,
1661,星期六
1662,
1663,星期三
1664,
1665,
1666,
1667,
1668,
1669,星期一
1670,
1671,
1672,
1673,
1674,日曜日
1675,
1676,
1677,
1678,
1679,星期四
1680,
1681,
1682,
1683,
1684,
1685,
1686,星期六
1687,
1688,
1689,星期日
1690,
1691,星期二
1692,
1693,
1694,
1695,
1696,
1697,
1698,
1699,星期一
1700,
1701,
1702,
1703,
1704,星期六
1705,星期三
1706,星期六
1707,
1708,
1709,
1710,
1711,
1712,
1713,
1714,星期六
1715,
1716,星期六
1717,
1718,
1719,
1720,星期日
1721,
1722,星期三
1723,星期三
1724,
1725,星期六
1726,
1727,星期四
1728,星期四
1729,星期六
1730,
1731,
1732,
1733,
1734,
1735,星期日
1736,
1737,
1738,
1739,
1740,
1741,
1742,
1743,星期一
1744,
1745,
1746,星期日
1747, 
1748,
1749,
1750,
1751,
1752,
1753,
1754,
1755,星期五
1756,金曜日
1757,
1758,
1759,
1760,星期日
1761,
1762,星期四
1763,
1764,
1765,
1766,星期四
1767,
1768,星期日
1769,星期一
1770,
1771,
1772,
1773,
1774,
1775,
1776,
1777,星期五
1778,
1779,
1780,
1781,星期四
1782,星期二
1783,
1784,星期四
1785,
1786,
1787,星期六
1788,星期五
1789,星期六
1790,
1791,
1792,星期五
1793,
1794,
1795,星期日
1796,星期四
1797,
1798,星期五
1799,
1800,
1801,
1802,水曜日
1803,星期六
1804,
1805,
1806,星期四
1807,
1808,星期五
1809,
1810,
1811,
1812,
1813,
1814,星期日
1815,星期四
1816,
1817,星期日
1818,
1819,
1820,星期三
1821,
1822,
1823,
1824,
1825,
1826,
1827,
1828,
1829,
1830,
1831,
1832,
1833,
1834,
1835,
1836,
1837,星期六
1838,
1839,
1840,
1841,
1842,星期四
1843,
1844,
1845,
1846,
1847,
1848,
1849,
1850,
1851,
1852,星期五
1853,
1854, 
1855,
1856,
1857,
1858,
1859,星期六
1860,星期五
1861,
1862,木曜日
1863,星期日
1864,
1865,星期五
1866,
1867,
1868,
1869,星期五
1870,
1871,星期五
1872,星期六
1873,
1874,星期日
1875,
1876,
1877,
1878,
1879,星期五
1880,周六
1881,
1882,
1883,星期四
1884,
1885,
1886,
1887,
1888,
1889,
1890,
1891,星期四
1892,
1893,
1894,
1895,
1896,星期四
1897,星期五
1898,星期四
1899,
1900,星期三
1901,
1902,
1903, 
1904,
1905,周二
1906,星期四
1907,周四
1908,
1909,
1910,
1911,星期五
1912,星期五
1913,
1914,
1915,星期三
1916,星期日
1917,
1918,
1919,
1920,星期六
1921,
1922,
1923,土曜日
1924,
1925,
1926,星期三
1927,
1928,
1929,
1930,星期五
1931,
1932,
1933,
1934,
1935,星期四
1936,金曜日
1937,
1938,
1939,星期三
1940,
1941,星期五
1942,
1943,
1944,
1945, 
1946,
1947,星期五
1948,
1949,
1950,星期一
1951,星期三
1952,星期日
1953,
1954,星期一
1955,
1956,
1957,
1958,
1959,星期一
1960,
1961,
1962,
1963,
1964,
1965,
1966,星期六
1967,
1968,星期一
1969,
1970,星期五
1971,星期五
1972,星期四
1973,
1974,
1975,
1976,星期日
1977,
1978,
1979,
1980,星期五
1981,
1982,星期六
1983,星期六
1984,星期日
1985,星期日
1986,
1987,星期一
1988, 
1989,
1990,
1991,
1992,
1993,
1994,
1995,星期四
1996,
1997,
1998,
1999,每周一
2000,
2001,
2002,
2003,
2004,周六
2005,
2006,星期四
2007,
2008,
2009,
2010,
2011,
2012,
2013,星期五
2014,
2015,星期六
2016,星期五
2017,星期五
2018,
2019,
2020,星期日
2021,
2022,
2023,
2024,星期日
2025,
2026,
2027,星期一
2028,
2029,
2030,星期四
2031,
2032,
2033,
2034,星期日
2035,
2036,
2037,
2038,星期六
2039,
2040,
2041,
2042,
2043,
2044,
2045,星期日
2046,星期五
2047,
2048,
2049,
2050,
2051,星期三
2052,
2053,星期四
2054,
2055,
2056,星期一
2057,
2058,
2059,星期六
2060,
2061,
2062,星期六
2063,
2064,
2065,
2066,
2067,
2068,星期六
2069,
2070,
2071,
2072,
2073,
2074,
2075,
2076,
2077,
2078,星期四
2079,
2080,六
2081,
2082,
2083,星期一
2084,
2085,
2086,星期四
2087,
2088,星期三
2089,
2090,
2091,
2092,
2093,年
2094,
2095,
2096,
2097,星期五
2098,
2099,星期四
2100,星期日
2101,星期三
2102,
2103,
2104,
2105,
2106,金
2107,六
2108,星期二
2109,星期六
2110,
2111,
2112,星期日
2113,
2114,
2115,
2116,
2117,星期三
2118,星期五
2119,星期日
2120,星期一
2121,
2122,
2123,星期三
2124,
2125,
2126,
2127,星期六
2128,
2129,
2130,
2131,
2132,
2133,星期五
2134,星期一
2135,星期四
2136,星期一
2137,
2138,
2139,
2140,
2141,星期五
2142,星期日
2143,星期六
2144,
2145,
2146,土曜日
2147,
2148,
2149,星期六
2150,星期二
2151,
2152,星期二
2153,
2154, 
2155,
2156,
2157,星期六
2158,
2159,
2160,
2161,
2162,
2163,
2164,
2165,
2166,
2167,
2168,
2169,
2170,
2171,
2172,
2173,
2174,星期六
2175,
2176,
2177,
2178,
2179,星期六
2180,
2181,
2182,星期五
2183,
2184,星期日
2185,星期一
2186,星期五
2187,
2188,星期一
2189,星期日
2190,
2191,
2192,
2193,星期三
2194,金曜
2195,星期四
2196,
2197,星期五
2198,
2199,
2200,
2201,
2202,
2203,星期一
2204,
2205,星期三
2206,
2207,
2208,
2209,
2210,
2211,星期六
2212,星期五
2213,
2214,
2215,
2216,星期日
2217,
2218,
2219,
2220,
2221,星期一
2222,
2223,
2224,星期日
2225,星期一
2226,
2227,
2228,星期一
2229,
2230,
2231,
2232,
2233,
2234,
2235,
2236,
2237,
2238,
2239,
2240,
2241,星期四
2242,
2243,星期一
2244,
2245,
2246,
2247,
2248,
2249,
2250,星期一
2251,
2252,
2253,
2254,星期日
2255,
2256,
2257,
2258,
2259,
2260,
2261,
2262,
2263,
2264,
2265,
2266,星期日
2267,
2268,
2269,星期五
2270,
2271,
2272,星期六
2273,星期三
2274,星期五
2275,
2276,
2277,
2278,
2279,
2280,日曜
2281,
2282,
2283,周日
2284, 
2285,
2286,
2287,
2288,
2289,
2290,
2291,
2292,
2293,星期三
2294,
2295,
2296,
2297,星期日
2298,
2299,
2300,
2301,
2302,
2303,
2304,星期四
2305,
2306,
2307,
2308,
2309,
2310,
2311,
2312,
2313,日曜日
2314,
2315,
2316,星期五
2317,
2318,
2319,星期四
2320,星期日
2321,
2322,星期一
2323,
2324,
2325,
2326,星期三
2327,
2328,
2329,
2330,
2331,
2332,
2333,星期六
2334,
2335,二
2336,星期六
2337,
2338,
2339,
2340,
2341,
2342,
2343,星期三
2344,
2345,
2346,
2347,
2348,
2349,
2350,星期五
2351,
2352,
2353,
2354,
2355,
2356,星期三
2357,星期四
2358,
2359,
2360,
2361,
2362,
2363,星期二
2364,
2365,
2366,
2367,
2368,
2369,星期日
2370,星期二
2371,
2372,星期日
2373,
2374,星期一
2375,
2376,星期二
2377,
2378,
2379,
2380,星期五
2381,星期五
2382,星期二
2383,星期六
2384,
2385,星期五
2386,
2387,
2388,星期三
2389,
2390,
2391,
2392,
2393,
2394,周四
2395,
2396,星期日
2397,星期五
2398,星期四
2399,星期五
2400,星期六
2401,星期六
2402,星期六
2403,
2404,
2405,
2406,
2407,
2408,
2409,
2410,星期四
2411,
2412,
2413,
2414,
2415,
2416,
2417,
2418,
2419,
2420,星期三
2421,
2422,
2423,
2424,每周日
2425,
2426,周六
2427,
2428,星期一
2429,
2430,
2431,星期日
2432,星期二
2433,
2434,
2435,
2436,
2437,星期一
2438,星期日
2439,
2440,
2441,
2442,星期六
2443,星期日
2444,
2445,星期六
2446,星期二
2447,
2448,
2449,
2450,星期五
2451,星期四
2452,星期五
2453,
2454,
2455,
2456,星期五
2457,星期日
2458,
2459,
2460,
2461,
2462,星期三
2463,
2464,星期二
2465, 
2466,周日
2467,
2468,
2469,
2470,
2471,
2472,
2473,
2474,
2475,星期日
2476,
2477,
2478,星期二
2479,
2480,
2481,
2482,
2483,
2484,
2485,
2486,
2487,
2488,星期三
2489,
2490,星期二
2491,
2492,
2493,星期六
2494,星期四
2495,星期五
2496,
2497,
2498,
2499,
2500,
2501,
2502,
2503,
2504,
2505,
2506, 
2507,
2508,星期日
2509,
2510,星期三
2511,
2512,
2513,
2514,
2515,星期四
2516, 
2517,
2518,
2519,星期日
2520,星期三
2521,
2522,
2523,星期日
2524,
2525,
2526,
2527,
2528,星期四
2529,
2530,
2531,
2532,星期三
2533, 
2534,星期日
2535,星期四
2536,
2537,
2538,
2539,
2540,
2541,
2542,
2543,
2544,
2545,星期六
2546,星期五
2547,星期四
2548,
2549,星期二
2550,星期一
2551,
2552, 
2553,
2554,
2555,星期二
2556,
2557,
2558,星期一
2559,
2560,
2561,
2562,
2563,星期四
2564,星期日
2565,
2566,
2567,
2568,
2569,星期五
2570,
2571,
2572,星期一
2573,
2574,星期五
2575,
2576,星期五
2577,星期三
2578,星期三
2579,
2580,
2581,星期一
2582,
2583,
2584,星期四
2585,星期四
2586,
2587,
2588,
2589,
2590,
2591,星期六
2592,星期四
2593, 
2594,星期六
2595,
2596,
2597,星期五
2598,星期一
2599,星期四
2600,
2601,
2602,
2603,星期五
2604,星期三
2605,
2606,
2607,
2608,
2609,
2610,星期一
2611,每月一日
2612,
2613,星期四
2614,
2615,星期四
2616,星期六
2617, 
2618,星期四
2619,
2620,
2621,
2622,
2623,月曜日
2624, 
2625,
2626,
2627,
2628,星期四
2629,星期六
2630,星期四
2631,
2632,
2633,
2634,
2635,
2636, 
2637,
2638,星期四
2639,星期二
2640,
2641,
2642,
2643,
2644,星期一
2645,
2646,
2647,星期六
2648,星期一
2649,星期四
2650,
2651,
2652,星期四
2653,星期三
2654,星期六
2655,星期六
2656,
2657,
2658,星期五
2659,星期三
2660,
2661,星期一
2662,星期六
2663,星期一
2664,
2665,
2666,
2667,
2668,星期六
2669,星期四
2670,
2671,
2672,星期三
2673,
2674,星期五
2675,
2676,
2677,星期日
2678,
2679,
2680,
2681,
2682,
2683,
2684,
2685,星期三
2686,
2687,星期四
2688,星期日
2689,星期日
2690,星期五
2691,
2692,星期六
2693,
2694,
2695,星期六
2696,
2697,
2698,
2699,
2700,
2701,
2702,星期日
2703,
2704,
2705,
2706,
2707,
2708,
2709,
2710,星期日
2711,星期五
2712,
2713,星期六
2714,
2715,
2716,
2717,
2718,
2719,
2720,
2721,
2722,星期三
2723,
2724,
2725,
2726,
2727,星期五
2728,
2729,
2730,
2731,
2732,
2733,
2734,
2735,
2736, 
2737,
2738,
2739,
2740,
2741,星期五
2742,星期三
2743,日曜
2744,星期日
2745,
2746,星期三
2747,星期日
2748,
2749,
2750,星期六
2751,
2752,
2753,
2754,
2755,星期五
2756,
2757,
2758,星期五
2759,
2760,
2761,星期日
2762,星期一
2763,星期日
2764,
2765,
2766,
2767,
2768,
2769,星期六
2770,
2771,
2772,星期二
2773,
2774,
2775,
2776,
2777,
2778,星期一
2779,
2780,
2781,
2782,星期五
2783, 
2784,
2785,星期日
2786,星期四
2787,
2788,
2789,
2790,星期日
2791,
2792,
2793,
2794,
2795,星期六
2796,
2797,
2798,星期一
2799,星期二
2800,星期六
2801,
2802,星期五
2803,星期三
2804,
2805,
2806,
2807,
2808,
2809,
2810,
2811,
2812,
2813,
2814,
2815,
2816,星期六
2817,
2818,
2819,
2820,
2821,星期日
2822,
2823,星期四
2824,星期四
2825,星期二
2826,
2827,星期一
2828,
2829,
2830,
2831,
2832,星期六
2833,
2834,星期六
2835,
2836,
2837,星期日
2838,
2839,
2840,
2841,
2842,
2843, 
2844,
2845,
2846,
2847,
2848,
2849,
2850,星期五
2851,星期二
2852,星期四
2853,
2854,
2855,
2856,
2857,星期六
2858,
2859,
2860,
2861,星期六
2862,
2863,星期一
2864,
2865,
2866,
2867,
2868,
2869,星期六
2870,星期五
2871,
2872,星期六
2873,
2874,星期二
2875,
2876,星期五
2877,
2878,
2879,星期日
2880,
2881,
2882,
2883,星期六
2884,
2885,
2886,
2887,
2888,
2889,
2890,星期四
2891,
2892,
2893,星期六
2894,星期四
2895,
2896,星期六
2897,
2898,
2899,星期六
2900, 
2901,
2902,星期五
2903,
2904,
2905,
2906,星期六
2907,星期五
2908,
2909,
2910,
2911,
2912,星期四
2913,星期四
2914,金曜日
2915,星期五
2916,
2917,
2918,
2919,星期四
2920,週六
2921,星期日
2922,
2923,
2924,星期四
2925,
2926,星期四
2927,
2928,星期五
2929,
2930,星期六
2931,火曜
2932,
2933,
2934,
2935,星期四
2936,
2937,星期二
2938,
2939,星期四
2940,
2941,
2942,
2943,星期六
2944,
2945,
2946,
2947, 
2948,周日
2949,
2950,金曜日
2951,星期六
2952,
2953,
2954,
2955, 
2956,星期五
2957,
2958,
2959,
2960,
2961,
2962,
2963,
2964,
2965,
2966,
2967,
2968,
2969,
2970,星期六
2971,
2972,
2973,
2974,
2975,
2976,
2977,
2978,
2979,
2980,
2981,
2982,
2983,
2984,
2985,
2986,
2987,
2988,
2989,星期三
2990,星期四
2991,
2992,
2993,星期二
2994,
2995,
2996,
2997,
2998,星期五
2999,
3000,
3001,
3002,
3003,星期一
3004,
3005,
3006,
3007,
3008, 
3009,
3010,星期五
3011,
3012,
3013,星期四
3014,
3015,星期二
3016,
3017,
3018,
3019,
3020,星期五
3021,星期二
3022,星期二
3023,
3024,星期三
3025,
3026,星期五
3027,
3028,星期五
3029,
3030,星期三
3031,星期二
3032,星期五
3033,
3034,星期一
3035,
3036,
3037,星期四
3038,
3039,
3040,
3041,
3042,星期五
3043,星期四
3044,
3045,
3046,
3047,
3048,
3049,
3050,
3051,
3052,
3053,
3054,
3055,
3056,星期六
3057,
3058,星期六
3059,
3060,星期二
3061,
3062,
3063,星期五
3064,
3065,
3066,
3067,星期三
3068,
3069,星期六
3070,
3071,星期五
3072,星期二
3073,星期六
3074,
3075,星期三
3076,
3077,
3078,星期六
3079,星期日
3080,星期日
3081,日曜
3082,
3083,
3084,星期五
3085,星期六
3086,
3087,
3088,
3089,星期五
3090,
3091,
3092,星期二
3093,
3094, 
3095,
3096,星期二
3097,星期五
3098,
3099,
3100,星期二
3101,
3102,
3103,
3104,
3105,星期四
3106,
3107,
3108,星期六
3109,
3110,
3111,星期二
3112,星期一
3113,
3114,
3115,星期六
3116,星期六
3117,星期四
3118,星期一
3119,
3120,星期二
3121,星期四
3122,星期五
3123,
3124,
3125,星期五
3126,星期六
3127,星期日
3128,
3129,星期五
3130,
3131,星期三
3132,星期六
3133,
3134,
3135,
3136,星期六
3137,
3138,
3139,
3140,
3141,星期五
3142,
3143,星期一
3144,
3145,星期三
3146,
3147,
3148,
3149,星期六
3150,星期三
3151,
3152,
3153,星期四
3154,
3155,星期日
3156,
3157,星期三
3158,
3159,
3160,
3161,
3162,星期六
3163,星期三
3164,
3165,星期日
3166,
3167,星期六
3168,星期日
3169,
3170,
3171,星期日
3172,
3173,
3174,
3175,
3176,星期五
3177,
3178,
3179,星期四
3180,
3181,
3182,
3183,
3184,
3185,
3186,星期四
3187,
3188,
3189,
3190,
3191,
3192,
3193,
3194,星期六
3195,
3196,星期六
3197,
3198,
3199,
3200,
3201,
3202,
3203,星期六
3204,
3205,
3206,星期一
3207,星期四
3208,星期四
3209,
3210,星期五
3211,星期一
3212,
3213,星期日
3214,星期一
3215,
3216,
3217,星期五
3218,
3219,星期日
3220,
3221,
3222,
3223,星期日
3224,星期四
3225,
3226,星期五
3227,星期四
3228,星期五
3229,星期四
3230,
3231,
3232,
3233,
3234,
3235,
3236,
3237,星期四
3238,星期六
3239,
3240,星期一
3241,
3242,日曜日
3243,星期三
3244,
3245,
3246,
3247,
3248,星期二
3249,星期五
3250,
3251,
3252,
3253,
3254,星期六
3255,
3256,
3257,星期三
3258,星期二
3259,星期二
3260,
3261,星期四
3262,星期日
3263,
3264,
3265,
3266,星期四
3267,
3268,星期日
3269,
3270,星期三
3271,
3272,星期二
3273,
3274,星期五
3275,
3276,
3277,
3278,星期一
3279,
3280,星期日
3281,星期四
3282,星期四
3283,
3284,五
3285,星期六
3286,
3287,
3288,星期五
3289,
3290,
3291,
3292,星期一
3293,土
3294,
3295,
3296,
3297,
3298,
3299,星期六
3300,
3301,
3302,
3303,星期五
3304,
3305,
3306,
3307,星期日
3308,
3309,
3310,
3311,星期六
3312,星期六
3313,
3314,星期六
3315,星期五
3316, 
3317,星期二
3318,
3319,
3320,
3321,星期日
3322,
3323,
3324,
3325,
3326,
3327,星期五
3328,
3329,
3330,
3331,
3332,
3333,星期一
3334,
3335,三
3336,
3337,
3338,
3339,
3340,
3341,
3342,
3343,
3344,
3345,星期一
3346,星期五
3347,星期日
3348,
3349,星期二
3350,
3351,星期六
3352,
3353,星期四
3354,
3355,
3356,星期日
3357,星期日
3358,星期四
3359,
3360,星期六
3361, 
3362,星期五
3363,
3364,星期二
3365,星期六
3366,
3367,星期四
3368, 
3369,星期四
3370,
3371, 
3372,
3373, 
3374,星期五
3375,星期四
3376,
3377,周日
3378,
3379,
3380,星期日
3381,星期六
3382,
3383,
3384,
3385,星期五
3386,
3387,
3388,
3389,
3390,
3391,
3392,
3393,
3394,
3395,星期四
3396,
3397,
3398,星期四
3399,
3400,星期一
3401, 
3402,星期二
3403,
3404,星期五
3405,
3406,
3407,
3408,星期六
3409,星期六
3410,星期六
3411,
3412,
3413,星期三
3414,星期五
3415,
3416,
3417,
3418,
3419,
3420,星期日
3421,
3422,星期日
3423,星期二
3424,
3425,
3426,
3427,
3428,星期三
3429,星期五
3430,周二
3431,
3432, 
3433,
3434,
3435,
3436,
3437,
3438,
3439,
3440,
3441,
3442,星期六
3443,
3444, 
3445,
3446,
3447,
3448,
3449,星期三
3450,星期六
3451,
3452,
3453,星期五
3454,星期日
3455,
3456,
3457,
3458,
3459,
3460,
3461,
3462,
3463,
3464,四
3465,星期日
3466, 
3467,星期一
3468,
3469,
3470,星期一
3471,
3472,
3473,
3474,
3475,
3476,星期三
3477,
3478,
3479,
3480,星期一
3481,
3482,星期四
3483,
3484,星期五
3485,
3486,
3487,
3488,星期五
3489,
3490,星期六
3491,星期二
3492,星期三
3493,
3494,
3495,星期六
3496,
3497,
3498,星期六
3499,星期五
3500,星期六
3501,
3502,
3503,
3504,
3505,星期三
3506,星期三
3507,星期五
3508,
3509,
3510,
3511,
3512,星期四
3513,星期一
3514,星期二
3515,星期三
3516,
3517,星期日
3518,
3519,
3520,星期四
3521,星期五
3522,
3523,星期三
3524,
3525,
3526,星期一
3527,
3528,
3529,星期四
3530,
3531,
3532, 
3533,
3534,
3535,星期四
3536,
3537,
3538,
3539,
3540,
3541,木曜日
3542,星期六
3543,
3544,
3545,日曜日
3546,
3547,星期五
3548,
3549,星期日
3550,星期五
3551,
3552,
3553,
3554,
3555,
3556,
3557,
3558,星期四
3559,
3560,
3561,星期五
3562,
3563,星期二
3564,星期六
3565,星期四
3566,
3567,
3568,星期六
3569,星期日
3570,每周四
3571,
3572,
3573,星期日
3574,
3575,
3576,
3577,
3578,
3579, 
3580,星期五
3581,
3582,
3583,星期日
3584,星期四
3585,
3586,星期六
3587,星期四
3588,
3589,星期四
3590,
3591,
3592,
3593,
3594,
3595,
3596,星期四
3597,
3598,
3599,星期一
3600,
3601,星期三
3602,
3603,
3604,
3605,星期日
3606,星期日
3607,
3608,星期二
3609,
3610,星期三
3611,
3612, 
3613,星期五
3614,
3615,
3616,星期二
3617,金
3618,星期四
3619,
3620,星期二
3621,
3622,
3623,星期五
3624,星期六
3625,
3626,
3627,土
3628,
3629,
3630,
3631,星期三
3632,
3633,星期六
3634,
3635,
3636,星期日
3637,
3638,
3639,星期五
3640,星期五
3641,
3642,
3643,星期五
3644,
3645,
3646,
3647,
3648,
3649,星期六
3650,
3651,星期五
3652,
3653,星期三
3654,
3655,星期六
3656,月曜日
3657,
3658,星期五
3659,
3660,星期二
3661,星期日
3662,星期六
3663,星期六
3664, 
3665, 
3666,
3667,星期三
3668,星期四
3669,
3670,星期五
3671,
3672,
3673,
3674,
3675, 
3676,
3677,
3678,星期四
3679,
3680,
3681,星期日
3682,
3683,星期六
3684,星期三
3685,
3686,星期二
3687,星期四
3688,
3689,
3690,星期四
3691,星期三
3692,
3693,星期六
3694,
3695,
3696,
3697,
3698, 
3699,星期五
3700,星期日
3701,
3702,星期五
3703,
3704,
3705,星期四
3706,星期四
3707,星期五
3708,
3709,
3710,星期日
3711,
3712,星期六
3713,
3714,周日
3715,星期二
3716,
3717,星期三
3718,星期二
3719,
3720,
3721,
3722,
3723,
3724,
3725,双周五
3726,星期日
3727,
3728,
3729,
3730,
3731,
3732,星期四
3733,星期二
3734,
3735,
3736,
3737,
3738,星期六
3739,
3740,
3741,
3742,
3743,星期二
3744,
3745,
3746,星期四
3747,
3748,
3749,
3750,星期五
3751,
3752,星期日
3753,
3754,木曜
3755,
3756,星期五
3757,
3758,
3759,星期五
3760,星期日
3761,
3762,
3763,
3764,
3765,
3766,
3767,星期六
3768,
3769,
3770,星期五
3771,
3772,
3773,
3774,
3775,星期三
3776,星期五
3777,星期三
3778,
3779,
3780,
3781,星期二
3782,星期四
3783,
3784,
3785,
3786,
3787,
3788,星期六
3789,星期三
3790,星期五
3791,星期三
3792,
3793,星期六
3794,星期三
3795, 
3796,
3797,
3798,
3799,
3800,星期六
3801,
3802,
3803,星期日
3804,
3805,
3806,星期四
3807,星期五
3808,
3809,星期五
3810,星期一
3811,
3812,
3813,
3814,
3815,
3816,
3817,
3818,
3819,星期一
3820,
3821,星期六
3822,
3823,
3824, 
3825,
3826,
3827,
3828,星期四
3829,
3830, 
3831,
3832,星期五
3833,
3834,星期一
3835,
3836,星期二
3837,
3838,
3839,
3840,
3841,
3842,
3843,
3844,
3845,星期日
3846,星期一
3847,
3848,
3849,星期四
3850,
3851,
3852,
3853,星期四
3854,
3855,星期五
3856,星期四
3857,
3858,
3859,
3860,星期六
3861,星期日
3862,
3863,星期一
3864,
3865,星期四
3866,星期日
3867,
3868,
3869,
3870,星期二
3871,星期二
3872,
3873, 
3874,星期四
3875,星期五
3876,星期日
3877,
3878,
3879,
3880, 
3881,星期四
3882,星期六
3883,
3884,星期一
3885,星期六
3886,
3887,星期三
3888,星期六
3889,
3890,星期六
3891,
3892,
3893,星期一
3894,
3895,星期六
3896,
3897,
3898,星期日
3899,星期一
3900,星期日
3901,星期二
3902,
3903,
3904,
3905,
3906, 
3907,
3908,星期四
3909,
3910,星期四
3911,
3912,星期五
3913, 
3914,
3915,
3916,星期三
3917,星期一
3918,
3919,
3920, 
3921,
3922,
3923,星期六
3924,
3925,
3926,
3927,
3928,
3929,
3930,星期四
3931,
3932, 
3933,
3934,
3935,
3936,
3937,星期二
3938,
3939,星期二
3940,
3941,星期六
3942,每周五
3943,星期六
3944,
3945,
3946,星期六
3947,
3948,
3949,
3950,星期一
3951,
3952,
3953,星期四
3954,
3955,
3956,
3957,星期三
3958,
3959,
3960,
3961,
3962,
3963,星期一
3964,
3965,
3966,
3967,星期日
3968,
3969,星期六
3970,
3971,星期一
3972,
3973,星期日
3974,星期四
3975,
3976,周六
3977,星期六
3978,星期二
3979,
3980,星期四
3981,星期四
3982,
3983,
3984,星期六
3985,星期二
3986,星期日
3987,
3988,
3989,
3990,
3991,
3992,星期六
3993,
3994,
3995,星期日
3996,
3997,星期六
3998,星期四
3999,
4000,星期五
4001,星期二
4002,
4003,星期四
4004,星期五
4005,星期五
4006,
4007,星期日
4008,星期六
4009, 
4010,
4011,
4012,
4013,星期四
4014,
4015,
4016,星期三
4017,
4018,星期六
4019,
4020,星期五
4021,
4022,
4023,
4024,
4025,
4026,
4027,星期六
4028,
4029,星期四
4030,星期四
4031,星期一
4032,星期日
4033,星期二
4034,星期三
4035,
4036,
4037,星期二
4038,星期三
4039,
4040,
4041,
4042,
4043,星期五
4044,
4045,星期四
4046,星期日
4047,
4048,星期六
4049,
4050,星期一
4051,
4052,星期五
4053,星期五
4054,星期六
4055,
4056,星期二
4057,
4058,星期日
4059,星期六
4060,
4061,
4062,星期五
4063,
4064,星期三
4065,星期四
4066,
4067,
4068,
4069,星期日
4070,星期五
4071,星期一
4072,
4073,星期一
4074,
4075, 
4076,星期五
4077,
4078,
4079,星期四
4080, 
4081,
4082,
4083,星期五
4084,
4085,
4086,
4087,
4088,
4089,星期六
4090,
4091,星期四
4092,
4093,
4094,
4095,星期日
4096,星期五
4097,星期三
4098,
4099,
4100,星期三
4101,星期三
4102,
4103,
4104,星期三
4105,星期五
4106,星期一
4107,星期六
4108,星期一
4109,星期六
4110,星期四
4111,
4112,星期一
4113,星期三
4114,星期一
4115,星期四
4116, 
4117,星期日
4118,
4119, 
4120, 
4121,星期五
4122,
4123,
4124,
4125,星期五
4126,星期五
4127,星期五
4128,
4129,星期五
4130,星期四
4131,星期五
4132,星期三
4133,
4134,星期五
4135,
4136,星期六
4137,星期五
4138,星期五
4139,
4140,星期二
4141,
4142,
4143,星期一
4144, 
4145,
4146,
4147, 
4148,
4149,
4150,
4151,星期一
4152,星期二
4153,
4154,星期六
4155,星期六
4156,星期一
4157,星期六
4158,星期一
4159,星期五
4160, 
4161,
4162,星期日
4163,
4164,
4165,星期二
4166,
4167,
4168,星期四
4169,
4170,
4171,星期四
4172,星期日
4173,
4174,星期六
4175,
4176,星期六
4177,
4178,
4179,
4180,
4181,星期一
4182,星期六
4183,星期日
4184,星期一
4185,
4186,星期一
4187,星期日
4188,星期日
4189,星期六
4190,星期四
4191,
4192,星期四
4193,星期一
4194,
4195,二
4196,星期一
4197,星期六
4198,
4199,
4200,星期六
4201,
4202,星期一
4203,
4204,
4205,
4206, 
4207,星期六
4208,星期五
4209,
4210,
4211,星期二
4212,星期四
4213,星期二
4214,星期三
4215,
4216,星期一
4217,
4218,星期四
4219,星期六
4220,
4221,
4222,星期六
4223,
4224,星期日
4225,星期五
4226,星期五
4227, 
4228,星期二
4229,
4230,
4231,星期一
4232,
4233,
4234,
4235,
4236,
4237,星期四
4238,星期一
4239,星期五
4240,星期五
4241,星期日
4242,
4243,
4244,
4245,星期一
4246,
4247,
4248,星期一
4249,星期五
4250,
4251,
4252,
4253,星期日
4254,星期六
4255,
4256,
4257,水曜日
4258,星期日
4259,
4260,星期一
4261,星期二
4262,星期五
4263,
4264,
4265,
4266,
4267, 
4268,星期三
4269,星期二
4270,星期三
4271,星期五
4272,
4273,星期一
4274,
4275,星期五
4276,
4277,
4278,
4279,
4280,
4281,星期六
4282,星期三
4283,星期三
4284,
4285,
4286,
4287,
4288,星期六
4289,
4290,
4291,
4292,
4293,
4294,
4295,
4296,星期二
4297,
4298,星期日
4299,星期日
4300,星期六
4301,
4302,
4303,星期五
4304,星期日
4305,
4306,星期六
4307,星期六
4308,
4309, 
4310,
4311,
4312,星期一
4313,
4314,星期四
4315,
4316,
4317,星期五
4318,星期三
4319,
4320,
4321,
4322,
4323,
4324,
4325,星期二
4326,星期六
4327,星期六
4328,
4329,
4330,
4331,星期三
4332,星期四
4333, 
4334,星期六
4335,
4336,
4337,星期四
4338,
4339,
4340,
4341,
4342, 
4343,星期六
4344, 
4345,
4346,
4347,
4348,
4349,
4350,星期六
4351,
4352,星期一
4353,
4354,星期三
4355,
4356,星期一
4357,星期四
4358,星期二
4359,星期六
4360,星期五
4361,星期三
4362,
4363,星期四
4364,
4365,星期四
4366,星期五
4367,星期三
4368,
4369,
4370,
4371,星期二
4372,星期三
4373,
4374,星期六
4375,星期三
4376, 
4377,星期六
4378,
4379,星期六
4380,
4381,
4382,
4383,星期六
4384,
4385,星期一
4386,
4387,
4388,星期四
4389,星期一
4390,
4391, 
4392, 
4393,星期日
4394,星期四
4395,星期五
4396,星期日
4397,
4398,
4399,星期五
4400,
4401,星期二
4402,
4403,
4404,
4405,星期一
4406,
4407,星期日
4408,
4409,星期二
4410,星期日
4411,
4412,
4413,
4414,
4415,星期六
4416,
4417,
4418,星期四
4419,星期二
4420,
4421,星期六
4422,星期日
4423,星期一
4424,星期五
4425,星期六
4426,
4427,星期六
4428,星期四
4429,星期日
4430, 
4431,
4432,
4433,星期六
4434,星期六
4435,星期四
4436,
4437,星期日
4438,星期二
4439,星期一
4440,
4441,星期六
4442,
4443,星期三
4444,星期三
4445, 
4446,月曜日
4447, 
4448,星期二
4449,星期二
4450, 
4451,
4452,星期五
4453,星期日
4454, 
4455,
4456,
4457,星期五
4458,
4459,
4460,
4461,
4462,
4463,星期六
4464,
4465,星期四
4466,
4467,星期六
4468,星期五
4469,星期六
4470,
4471,星期六
4472,
4473,星期五
4474,星期六
4475,星期日
4476,星期三
4477,
4478,
4479,星期六
4480,星期一
4481,
4482,
4483,
4484,星期四
4485,
4486,星期六
4487,
4488, 
4489,
4490,星期日
4491,星期日
4492,星期三
4493,星期一
4494, 
4495,星期日
4496,星期六
4497,
4498, 
4499,星期二
4500,星期五
4501,星期日
4502, 
4503,星期四
4504,星期三
4505,
4506,星期一
4507,星期六
4508,星期日
4509,星期日
4510,
4511, 
4512,
4513,星期一
4514,
4515,星期四
4516,
4517,
4518,
4519,星期日
4520,星期五
4521,星期一
4522,
4523,星期四
4524,
4525,星期六
4526,
4527,星期五
4528, 
4529,星期六
4530,
4531,
4532,
4533,
4534,星期日
4535,星期三
4536,星期二
4537,星期三
4538,
4539,
4540,星期六
4541,星期日
4542,
4543,星期日
4544,星期六
4545,星期五
4546,星期二
4547,
4548,星期六
4549,星期三
4550,
4551,星期一
4552,星期六
4553,
4554,星期三
4555,星期六
4556,星期六
4557,
4558,
4559,星期五
4560,星期三
4561,星期日
4562,
4563,星期四
4564,星期五
4565,星期三
4566,星期五
4567,
4568, 
4569,
4570,星期六
4571,
4572,
4573,
4574,星期二
4575,星期三
4576,星期四
4577,星期一
4578,
4579,星期日
4580,星期一
4581,
4582,
4583,星期四
4584,星期一
4585,
4586,
4587,星期一
4588,星期日
4589,
4590,星期日
4591,星期日
4592,
4593,星期四
4594,
4595,
4596,星期六
4597,星期二
4598,星期六
4599,星期二
4600,星期六
4601,星期一
4602,
4603,星期三
4604,星期三
4605,星期一
4606,
4607,
4608,
4609,星期三
4610,
4611,星期六
4612,
4613,
4614,星期四
4615,
4616,
4617,星期日
4618,
4619,星期五
4620,星期三
4621,
4622,星期二
4623,星期日
4624,星期六
4625,星期一
4626,星期日
4627,
4628,星期三
4629,星期一
4630,星期三
4631,星期日
4632,
4633,
4634,星期六
4635,星期日
4636,星期二
4637,
4638,
4639,星期四
4640, 
4641,
4642,星期日
4643,星期三
4644,星期二
4645,星期六
4646,
4647,星期二
4648,星期日
4649,星期一
4650,星期日
4651,星期四
4652,
4653,星期六
4654,星期一
4655,
4656,星期六
4657,星期四
4658,星期一
4659,星期日
4660,星期二
4661,星期二
4662,星期四
4663,星期日
4664,星期六
4665,星期一
4666,星期六
4667, 
4668,星期四
4669,星期一
4670,星期四
4671,星期四
4672,
4673,星期日
4674,星期六
4675,星期一
4676,
4677,
4678,
4679,
4680,
4681,星期五
4682,星期三
4683,星期三
4684,星期五
4685,
4686,星期四
4687,
4688,
4689,
4690,星期四
4691,
4692,星期二
4693,
4694,星期六
4695,星期一
4696,
4697,
4698,星期四
4699,
4700,
4701,星期二
4702,星期三
4703,星期日
4704,
4705,
4706,星期日
4707,星期一
4708,星期四
4709,星期四
4710,
4711,
4712,
4713,星期一
4714,
4715,星期四
4716,星期二
4717,星期一
4718,
4719,
4720,
4721,
4722,星期二
4723,星期日
4724,
4725,星期六
4726,星期四
4727,星期五
4728,
4729,星期四
4730,星期五
4731,星期二
4732,星期三
4733,星期六
4734,星期六
4735, 
4736,星期日
4737,
4738,星期一
4739,
4740,
4741,
4742,星期六
4743,星期五
4744,星期三
4745,
4746,星期二
4747,星期一
4748,星期四
4749,
4750,星期二
4751,星期四
4752,星期六
4753,星期六
4754,星期五
4755,星期日
4756,星期四
4757,星期日
4758,
4759,
4760,
4761,星期日
4762,
4763,
4764,星期日
4765,星期二
4766,星期日
4767,星期一
4768,星期四
4769,
4770,
4771,星期六
4772,星期一
4773,
4774,星期一
4775,
4776,星期五
4777,星期五
4778,星期日
4779,
4780,
4781,星期一
4782,星期五
4783,星期三
4784,星期三
4785,星期一
4786,
4787,星期六
4788,
4789,星期日
4790,星期三
4791,
4792,
4793,星期五
4794,星期六
4795,星期日
4796,星期日
4797,
4798,星期日
4799,星期三
4800,
4801,
4802,星期三
4803,星期六
4804,星期四
4805,星期三
4806,星期四
4807,星期六
4808,
4809,
4810,星期四
4811,星期五
4812,
4813,星期五
4814,星期一
4815,星期三
4816,星期六
4817,星期二
4818,星期二
4819,星期五
4820,星期日
4821,星期日
4822,
4823,
4824,星期六
4825,星期四
4826,
4827,星期日
4828,星期五
4829,
4830,
4831,星期四
4832,
4833,星期四
4834, 
4835,星期二
4836,星期四
4837,星期二
4838,星期五
4839,月
4840,星期日
4841,星期五
4842,星期六
4843,星期三
4844,星期一
4845,
4846,星期六
4847,星期五
4848,
4849, 
4850,星期日
4851,
4852,星期四
4853,星期日
4854,星期四
4855,星期一
4856,星期日
4857,星期六
4858,星期三
4859,
4860,星期三
4861,星期三
4862,星期二
4863,星期二
4864,星期一
4865,星期四
4866,星期五
4867,星期三
4868,星期五
4869,星期四
4870,星期五
4871,星期二
4872,星期五
4873,星期五
4874,星期日
4875,星期四
4876,星期四
4877,星期三
4878,
4879,周四
4880,星期三
4881,星期日
4882,
4883,星期三
4884,星期五
4885,星期六
4886,星期三
4887,星期四
4888,
4889,星期一
4890,
4891,星期三
4892,星期五
4893,星期五
4894,星期日
4895,
4896,
4897,
4898,
4899,星期三
4900,星期日
4901,星期三
4902,星期日
4903,星期五
4904,星期日
4905,星期一
4906,星期二
4907,星期四
4908,星期一
4909,星期六
4910,星期六
4911,星期五
4912,星期四
4913,星期二
4914,星期四
4915,星期三
4916,星期日
4917,星期六
4918,星期六
4919,星期日
4920,星期五
4921,星期五
4922,星期三
4923,星期五
4924,星期五
4925,星期三
4926,星期二
4927,星期一
4928,
4929,星期四
4930,星期一
4931,
4932,星期五
4933,星期一
4934,星期六
4935, 
4936,星期五
4937,星期二
4938,星期二
4939,星期五
4940,星期四
4941,星期四
4942,
4943,星期三
4944,
4945,
4946,星期四
4947,
4948,
4949,
4950,星期一
4951,
4952,
4953,
4954,
4955,
4956,
4957,
4958,
4959,
4960,
4961,
4962,
4963,
4964,
4965,
4966,
4967,
4968,
4969,
4970,
4971,
4972,
4973,
4974,
4975,
4976,
4977,
4978,
4979,
4980,
4981,
4982,
4983,
4984,
4985,
4986,
4987,
4988,
4989,
4990,
4991,
4992,
4993,
4994,
4995,
4996,
4997,
4998,
4999,
5000,
5001,
5002,
5003,
5004,
5005,
5006,
5007,
5008,
5009,
5010,
5011,
5012,
5013,
5014,
5015,
5016,
5017,
5018,
5019,
5020,
5021,
5022,
5023,
5024,
5025,
5026,
5027,
5028,
5029,
5030,
5031,
5032,
5033,
5034,
5035,
5036,
5037,
5038,
5039,
5040,
5041,
5042,
5043,
5044,
5045,
5046,
5047,
5048,
5049,
5050,
5051,
5052,
5053,
5054,
5055,
5056,
5057,
5058,
5059,
5060,
5061,
5062,
5063,
5064,
5065,
5066,
5067,
5068,
5069,
5070,
5071,
5072,
5073,
5074,
5075,
5076,
5077,
5078,
5079,
5080,
5081,
5082,
5083,
5084,
5085,
5086,
5087,
5088,
5089,
5090,
5091,
5092,
5093,
5094,
5095,
5096,
5097,
5098,
5099,
5100,
5101,
5102,
5103,
5104,
5105,
5106,
5107,
5108,
5109,
5110,
5111,
5112,
5113,
5114,
5115,
5116,
5117,
5118,
5119,
5120,
5121,
5122,
5123,
5124,
5125,
5126,
5127,
5128,
5129,
5130,
5131,
5132,
5133,
5134,
5135,
5136,
5137,
5138,
5139,
5140,
5141,
5142,
5143,
5144,
5145,
5146,
5147,
5148,
5149,
5150,
5151,
5152,
5153,
5154,
5155,
5156,
5157,
5158,
5159,
5160,
5161,
5162,
5163,
5164,
5165,
5166,
5167,
5168,
5169,
5170,
5171,
5172,
5173,
5174,
5175,
5176,
5177,
5178,
5179,
5180,
5181,
5182,
5183,
5184,
5185,
5186,
5187,
5188,
5189,
5190,
5191,
5192,
5193,
5194,
5195,
5196,
5197,
5198,
5199,
5200,
5201,
5202,
5203,
5204,
5205,
5206,
5207,
5208,
5209,
5210,
5211,
5212,
5213,
5214,
5215,
5216,
5217,
5218,
5219,
5220,
5221,
5222,
5223,
5224,
5225,
5226,
5227,
5228,
5229,
5230,
5231,
5232,
5233,
5234,
5235,
5236,
5237,
5238,
5239,
5240,
5241,
5242,
5243,
5244,
5245,
5246,
5247,
5248,
5249,
5250,
5251,
5252,
5253,
5254,
5255,
5256,
5257,
5258,
5259,
5260,
5261,
5262,
5263,
5264,
5265,
5266,
5267,
5268,
5269,
5270,
5271,
5272,
5273,
5274,
5275,
5276,
5277,
5278,
5279,
5280,
5281,
5282,
5283,
5284,
5285,
5286,
5287,
5288,
5289,
5290,
5291,
5292,
5293,
5294,
5295,
5296,
5297,
5298,
5299,
5300,
5301,
5302,
5303,
5304,
5305,
5306,
5307,
5308,
5309,
5310,
5311,
5312,
5313,
5314,
5315,
5316,
5317,
5318,
5319,
5320,
5321,
5322,
5323,
5324,
5325,
5326,
5327,
5328,
5329,
5330,
5331,
5332,
5333,
5334,
5335,
5336,
5337,
5338,
5339,
5340,
5341,
5342,
5343,
5344,
5345,
5346,
5347,
5348,
5349,
5350,
5351,
5352,
5353,
5354,
5355,
5356,
5357,
5358,
5359,
5360,
5361,
5362,
5363,
5364,
5365,
5366,
5367,
5368,
5369,
5370,
5371,
5372,
5373,
5374,
5375,
5376,
5377,
5378,
5379,
5380,
5381,
5382,
5383,
5384,
5385,
5386,
5387,
5388,
5389,
5390,
5391,
5392,
5393,
5394,
5395,
5396,
5397,
5398,
5399,
5400,
5401,
5402,
5403,
5404,
5405,
5406,
5407,
5408,
5409,
5410,
5411,
5412,
5413,
5414,
5415,
5416,
5417,
5418,
5419,
5420,
5421,
5422,
5423,
5424,
5425,
5426,
5427,
5428,
5429,
5430,
5431,
5432,
5433,
5434,
5435,
5436,
5437,
5438,
5439,
5440,
5441,
5442,
5443,
5444,
5445,
5446,
5447,
5448,
5449,
5450,
5451,
5452,
5453,
5454,
5455,
5456,
5457,
5458,
5459,
5460,
5461,
5462,
5463,
5464,
5465,
5466,
5467,
5468,
5469,
5470,
5471,
5472,
5473,
5474,
5475,
5476,
5477,
5478,
5479,
5480,
5481,
5482,
5483,
5484,
5485,
5486,
5487,
5488,
5489,
5490,
5491,
5492,
5493,
5494,
5495,
5496,
5497,
5498,
5499,
5500,
5501,
5502,
5503,
5504,
5505,
5506,
5507,
5508,
5509,
5510,
5511,
5512,
5513,
5514,
5515,
5516,
5517,
5518,
5519,
5520,
5521,
5522,
5523,
5524,
5525,
5526,
5527,
5528,
5529,
5530,
5531,
5532,
5533,
5534,
5535,
5536,
5537,
5538,
5539,
5540,
5541,
5542,
5543,
5544,
5545,
5546,
5547,
5548,
5549,
5550,
5551,
5552,
5553,
5554,
5555,
5556,
5557,
5558,
5559,
5560,
5561,
5562,
5563,
5564,
5565,
5566,
5567,
5568,
5569,
5570,
5571,
5572,
5573,
5574,
5575,
5576,
5577,
5578,
5579,
5580,
5581,
5582,
5583,
5584,
5585,
5586,
5587,
5588,
5589,
5590,
5591,
5592,
5593,
5594,
5595,
5596,
5597,
5598,
5599,
5600,
5601,
5602,
5603,
5604,
5605,
5606,
5607,
5608,
5609,
5610,
5611,
5612,
5613,
5614,
5615,
5616,
5617,
5618,
5619,
5620,
5621,
5622,
5623,
5624,
5625,
5626,
5627,
5628,
5629,
5630,
5631,
5632,
5633,
5634,
5635,
5636,
5637,
5638,
5639,
5640,
5641,
5642,
5643,
5644,
5645,
5646,
5647,
5648,
5649,
5650,
5651,
5652,
5653,
5654,
5655,
5656,
5657,
5658,
5659,
5660,
5661,
5662,
5663,
5664,
5665,
5666,
5667,
5668,
5669,
5670,
5671,
5672,
5673,
5674,
5675,
5676,
5677,
5678,
5679,
5680,
5681,
5682,
5683,
5684,
5685,
5686,
5687,
5688,
5689,
5690,
5691,
5692,
5693,
5694,
5695,
5696,
5697,
5698,
5699,
5700,
5701,
5702,
5703,
5704,
5705,
5706,
5707,
5708,
5709,
5710,
5711,
5712,
5713,
5714,
5715,
5716,
5717,
5718,
5719,
5720,
5721,
5722,
5723,
5724,
5725,
5726,
5727,
5728,
5729,
5730,
5731,
5732,
5733,
5734,
5735,
5736,
5737,
5738,
5739,
5740,
5741,
5742,
5743,
5744,
5745,
5746,
5747,
5748,
5749,
5750,
5751,
5752,
5753,
5754,
5755,
5756,
5757,
5758,
5759,
5760,
5761,
5762,
5763,
5764,
5765,
5766,
5767,
5768,
5769,
5770,
5771,
5772,
5773,
5774,
5775,
5776,
5777,
5778,
5779,
5780,
5781,
5782,
5783,
5784,
5785,
5786,
5787,
5788,
5789,
5790,
5791,
5792,
5793,
5794,
5795,
5796,
5797,
5798,
5799,
